gigg_mode,group_config,signal,setting_block,env_id,design_type,rho_within,rho_between,target_snr,method,mse_null,mse_signal,mse_overall,lpd_test,coverage_95,avg_ci_length,kappa_null_mean,kappa_signal_mean,n_reps
paper_ref,CL,distributed,anchor,E0,correlated,0.3,0.1,1.0,GIGG_MMLE,0.00728120777862618,0.5019863197437794,0.027069412257232302,-2.061417038862555,0.18,0.013893512084238367,,,1
paper_ref,CL,distributed,rw_axis,RW_PLUS,correlated,0.8,0.1,1.0,GIGG_MMLE,0.005642618277161452,0.5980290477386044,0.029338075455619173,-1.9852153315980958,0.16,0.020441877925232332,,,1
paper_ref,G10x5,concentrated,snr_axis,SNR_PLUS,correlated,0.3,0.1,2.0,GIGG_MMLE,2.7818718467406925e-13,0.07649287871410973,0.03059715148581081,-2.4768554806872953,0.38,0.07629418936789556,,,1
paper_ref,G10x5,distributed,anchor,E0,correlated,0.3,0.1,1.0,GIGG_MMLE,1.618082582191402e-06,0.009604631121888594,0.00038573860415444755,-1.8819390702258962,0.32,0.020277413256152507,,,1
paper_ref,G10x5,distributed,snr_axis,SNR_PLUS,correlated,0.3,0.1,2.0,GIGG_MMLE,1.3999123220003673e-06,0.030014354371642224,0.0012019180906948093,-1.4350396832703078,0.42,0.01768441584302064,,,1
