signal,design_type,rho_within,method,mse_null,mse_signal,mse_overall,lpd_test,coverage_95,avg_ci_length,kappa_null_mean,kappa_signal_mean,n_reps
concentrated,orthonormal,0.0,GHS_plus,0.0020127553641570216,0.012421945520876426,0.006176431426844783,-1.5257379474137518,0.984,0.3382542546200653,,,10
distributed,orthonormal,0.0,GHS_plus,0.0009280235115046203,0.015567409299385002,0.00209917437453505,-1.482950941356144,0.992,0.22371434490289382,,,10
