{
  "cli": {
    "basis": "patsy_bs",
    "df": 10,
    "degree": 3,
    "include_intercept": false,
    "all_knots": [
      0.0,
      0.0,
      0.0,
      0.0,
      0.24473440000000002,
      0.54139975,
      0.8485962,
      1.1871311,
      1.6012111500000001,
      2.2093588000000004,
      3.2057387,
      14.6090535,
      14.6090535,
      14.6090535,
      14.6090535
    ],
    "inner_knots": [
      0.24473440000000002,
      0.54139975,
      0.8485962,
      1.1871311,
      1.6012111500000001,
      2.2093588000000004,
      3.2057387
    ],
    "lower_bound": 0.0,
    "upper_bound": 14.6090535,
    "n_basis": 10
  },
  "hh_cmnty_cli": {
    "basis": "patsy_bs",
    "df": 10,
    "degree": 3,
    "include_intercept": false,
    "all_knots": [
      2.3022506,
      2.3022506,
      2.3022506,
      2.3022506,
      10.648305650000001,
      13.51764105,
      16.40117055,
      19.6385081,
      23.0227609,
      27.4391271,
      34.121684025,
      69.5258651,
      69.5258651,
      69.5258651,
      69.5258651
    ],
    "inner_knots": [
      10.648305650000001,
      13.51764105,
      16.40117055,
      19.6385081,
      23.0227609,
      27.4391271,
      34.121684025
    ],
    "lower_bound": 2.3022506,
    "upper_bound": 69.5258651,
    "n_basis": 10
  }
}