{
  "per_signal": {
    "boundary": {
      "mse_rank": [
        [
          "GR_RHS",
          0.004088082999311171
        ],
        [
          "RHS",
          0.0049232164522228635
        ],
        [
          "GHS_plus",
          0.005204714027809122
        ],
        [
          "LASSO_CV",
          0.006448225715476888
        ],
        [
          "OLS",
          0.03464339715641594
        ]
      ],
      "lpd_mean": {
        "GHS_plus": -1.576641307059671,
        "GR_RHS": -1.5635070546593903,
        "LASSO_CV": -1.5932022066139042,
        "OLS": -1.8432515626906816,
        "RHS": -1.576174225870001
      },
      "methods_present": [
        "GHS_plus",
        "GR_RHS",
        "LASSO_CV",
        "OLS",
        "RHS"
      ]
    },
    "concentrated": {
      "mse_rank": [
        [
          "GR_RHS",
          0.0548183449322719
        ],
        [
          "LASSO_CV",
          0.05824913528463316
        ],
        [
          "GIGG_MMLE",
          0.05855787783463409
        ],
        [
          "RHS",
          0.0594667301615127
        ],
        [
          "GHS_plus",
          0.0689861144782034
        ],
        [
          "OLS",
          0.3129399605721461
        ]
      ],
      "lpd_mean": {
        "GHS_plus": -2.3176395826010148,
        "GIGG_MMLE": -2.2010619385172014,
        "GR_RHS": -2.3138395599806856,
        "LASSO_CV": -2.3287751185593186,
        "OLS": -2.427746519065253,
        "RHS": -2.3179648455067943
      },
      "methods_present": [
        "GHS_plus",
        "GIGG_MMLE",
        "GR_RHS",
        "LASSO_CV",
        "OLS",
        "RHS"
      ]
    },
    "distributed": {
      "mse_rank": [
        [
          "RHS",
          0.013103284944903173
        ],
        [
          "GHS_plus",
          0.01346623134277376
        ],
        [
          "LASSO_CV",
          0.013767872853769786
        ],
        [
          "GR_RHS",
          0.013923791454807415
        ],
        [
          "OLS",
          0.11079720438911933
        ]
      ],
      "lpd_mean": {
        "GHS_plus": -1.8157482868291568,
        "GR_RHS": -1.819979399464101,
        "LASSO_CV": -1.8303046458848553,
        "OLS": -1.9546955098436047,
        "RHS": -1.8171445008378422
      },
      "methods_present": [
        "GHS_plus",
        "GR_RHS",
        "LASSO_CV",
        "OLS",
        "RHS"
      ]
    }
  },
  "all_methods_in_summary": [
    "GHS_plus",
    "GIGG_MMLE",
    "GR_RHS",
    "LASSO_CV",
    "OLS",
    "RHS"
  ]
}