setting_id,gigg_mode,group_config,signal,setting_block,env_id,design_type,rho_within,rho_between,target_snr,sigma2,boundary_u0,boundary_xi_ratio,boundary_rho_profile,boundary_xi_crit,boundary_xi,replicate_id,method,status,converged,fit_attempts,kappa_null_mean,kappa_signal_mean,runtime_seconds,rhat_max,bulk_ess_min,divergence_ratio,error,mse_null,mse_signal,mse_overall,avg_ci_length,coverage_95,lpd_test
1,paper_ref,CL,concentrated,anchor,E0,correlated,0.3,0.1,1.0,16.86410161513776,,,,,,1,GIGG_MMLE,ok,False,1,,,4.192998500002432,1.479735330965765,42.828071027557925,,,0.1303283223680154,0.3450882209702664,0.3021362412498162,0.37624758431592764,0.36,-4.057646712196874
2,paper_ref,CL,concentrated,rw_axis,RW_PLUS,correlated,0.8,0.1,1.0,35.864101615137756,,,,,,1,GIGG_MMLE,ok,False,1,,,4.224006199990981,1.3498697711759522,176.73885772600485,,,2.5486640732057406,3.0822522895287423,2.9755346462641423,1.8578924825922618,0.52,-3.834393767122043
3,paper_ref,CL,concentrated,rb_axis,RB_PLUS,correlated,0.3,0.3,1.0,23.792304845413256,,,,,,1,GIGG_MMLE,ok,False,1,,,4.08869049999339,1.1529842886974284,49.89512562772343,,,0.9602883658082201,0.5368773862318206,0.6215595821471005,0.5049483035704132,0.18,-3.4068520653108294
4,paper_ref,CL,concentrated,snr_axis,SNR_PLUS,correlated,0.3,0.1,2.0,8.43205080756888,,,,,,1,GIGG_MMLE,ok,False,1,,,4.211319399997592,1.209754627118559,87.17778517377172,,,0.03059177678796208,0.20871808605230796,0.17309282419943878,0.273062559811559,0.26,-2.65238031267973
