{
  "RMSE": 2.1780219316489062,
  "MAE": 1.786521303585306,
  "PredictiveLogLikelihood": -7.621452399595791,
  "MLPD": -2.1973396372561007,
  "MLPD_source": "posterior_draws",
  "PredictiveLogLikelihood_source": "posterior_draws",
  "AUC-PR": 0.4365403751308718,
  "F1": 0.44787644787644787,
  "F1_threshold": 0.014180375463196997,
  "BetaRMSE": 0.1368204151353053,
  "BetaPearson": 0.885773065339515,
  "GroupNormRMSE": 0.32664513714601495,
  "GroupNormPearson": 0.9768657399943182,
  "BetaCoverage90": 0.896,
  "BetaIntervalWidth90": 0.3303465263606,
  "ActiveBetaCoverage90": 0.46938775510204084,
  "InactiveBetaCoverage90": 1.0,
  "ActiveBetaIntervalWidth90": 0.44575165341938777,
  "InactiveBetaIntervalWidth90": 0.3022129381721393,
  "GroupNormMSE": 0.10669704562113891,
  "NullGroupMeanNorm": 0.12771283836918954,
  "NullGroupMaxNorm": 0.2133821535703263,
  "GroupTPR": 1.0,
  "GroupFPR": 1.0,
  "GroupPrecision": 0.76,
  "GroupF1": 0.8636363636363636,
  "GroupDetectionThreshold": 0.06843547314528158,
  "NumActiveGroupsTrue": 19.0,
  "NumActiveGroupsPred": 25.0,
  "ActiveGroupSignalRMSE": 0.28773337965962825,
  "ActiveGroupNoiseRMSE": 0.05865860843733567,
  "ActiveGroupNoiseAbsMean": 0.03275918149961982,
  "ActiveGroupNoiseFalseRetentionRate": 0.2787878787878788,
  "CoordDetectionThreshold": 0.03216620534658432,
  "NumSignalInActiveGroups": 98.0,
  "NumNoiseInActiveGroups": 330.0,
  "Coverage90": 0.875,
  "IntervalWidth90": 7.057163372570085,
  "PredictiveCoverage90": 0.875,
  "PredictiveIntervalWidth90": 7.057163372570085,
  "MeanKappa": 0.21760623736932183,
  "EffectiveDoF": 163.85202183240798,
  "MeanEffectiveNonzeros": 334.7739682919624
}