{
  "p0_true": 5,
  "replicate_id": 1,
  "variant": "fixed_10x",
  "method_type": "GR_RHS",
  "backend": "collapsed",
  "status": "ok",
  "converged": true,
  "fit_attempts": 1,
  "tau0_oracle": 0.01111111111111111,
  "tau_post_mean": 0.3730017934250645,
  "tau_ratio_to_oracle": 33.57016140825581,
  "kappa_null_mean": 0.24553472402809048,
  "kappa_signal_mean": 0.7613723467476665,
  "g_true_active": 2,
  "runtime_seconds": 95.8815700999985,
  "rhat_max": 1.00609573009129,
  "bulk_ess_min": 493.0623059919404,
  "divergence_ratio": NaN,
  "error": "",
  "bridge_ratio_mean": 0.13105828145637177,
  "bridge_ratio_min": 0.02234832893479828,
  "bridge_ratio_max": 0.29908901066017135,
  "bridge_ratio_p95": 0.29221450404430616,
  "bridge_ratio_violations": 0,
  "bridge_ratio_null_mean": 0.03049530634694736,
  "bridge_ratio_signal_mean": 0.2819027441205084,
  "bridge_ratio_by_group": "0.0261946|0.264716|0.299089|0.042943|0.0223483",
  "mse_overall": 0.0007704741219797317,
  "mse_signal": 0.0035617016802647846,
  "mse_null": 0.000460337726614726
}