{
  "metrics": {
    "per_setting": {
      "2": {
        "n_priors": 1,
        "prior_pairs": [
          [
            2.0,
            2.0
          ]
        ],
        "mse_null_range": [
          0.004623405596918766,
          0.004623405596918766
        ],
        "mse_signal_range": [
          0.014668057623278158,
          0.014668057623278158
        ],
        "auroc_range": [
          1.0,
          1.0
        ],
        "mse_null_cv": 0.0,
        "mse_signal_cv": 0.0,
        "kappa_null_range": [
          0.38199482348014135,
          0.38199482348014135
        ]
      }
    }
  },
  "findings": [
    "  Prior grid: (alpha_kappa, beta_kappa)\n  Setting 2 (1 prior configs):\n    AUROC range:      [1.000, 1.000]  (stable)\n    MSE_signal range: [0.01467, 0.01467]  CV=0.00  (robust)"
  ]
}