signal,design_type,rho_within,method,n_reps_total,n_reps_ok,n_reps_converged,mse_null,mse_signal,mse_overall,lpd_test,coverage_95,avg_ci_length,kappa_null_mean,kappa_signal_mean,n_reps
concentrated,orthonormal,0.0,GIGG_MMLE,20,20,20,8.068701066385037e-13,0.012124949637956853,0.004849979855666864,-1.569989762997709,0.28,0.05523309805119545,,,20
distributed,orthonormal,0.0,GIGG_MMLE,20,20,20,0.00026533580508988116,0.019721316202419105,0.001821814236876219,-1.4620943480636588,0.22200000000000003,0.03168997675607025,,,20
