{
  "u0": 0.5,
  "sigma2": 1.0,
  "tau": 0.3,
  "rho": 0.3,
  "theta_u0_rho": 0.08256880733944953,
  "xi_crit": 0.041284403669724766,
  "x_axis": "xi_over_xi_crit",
  "alpha_kappa": 0.5,
  "beta_kappa": 1.0,
  "p_g_list": [
    30,
    60,
    120,
    240,
    480
  ],
  "tau_list": [
    0.1,
    0.2,
    0.3,
    0.5,
    1.0
  ],
  "xi_by_tau": {
    "0.1": [
      0.0014851485148514854,
      0.0024752475247524757,
      0.003465346534653466,
      0.004207920792079208,
      0.004702970297029704,
      0.005198019801980199,
      0.005693069306930694,
      0.006435643564356437,
      0.007425742574257427,
      0.009900990099009903
    ],
    "0.2": [
      0.00576923076923077,
      0.009615384615384618,
      0.013461538461538464,
      0.01634615384615385,
      0.018269230769230774,
      0.020192307692307697,
      0.02211538461538462,
      0.02500000000000001,
      0.028846153846153855,
      0.03846153846153847
    ],
    "0.3": [
      0.01238532110091743,
      0.020642201834862383,
      0.028899082568807334,
      0.03509174311926605,
      0.03922018348623853,
      0.043348623853211005,
      0.047477064220183475,
      0.0536697247706422,
      0.061926605504587146,
      0.08256880733944953
    ],
    "0.5": [
      0.03,
      0.05,
      0.06999999999999999,
      0.085,
      0.095,
      0.10500000000000001,
      0.11499999999999999,
      0.13,
      0.15000000000000002,
      0.2
    ],
    "1": [
      0.075,
      0.125,
      0.175,
      0.2125,
      0.2375,
      0.2625,
      0.2875,
      0.325,
      0.375,
      0.5
    ]
  },
  "grid_size": 801
}