method,n_rows,n_converged,converged_rate,rho_within,rho_between,target_snr,n_reps_total,n_reps_ok,n_reps_converged,mse_null,mse_signal,mse_overall,lpd_test,coverage_95,avg_ci_length,kappa_null_mean,kappa_signal_mean,n_reps
RHS,30,1,0.03333333333333333,0.45,0.14,1.2,1.0,0.03333333333333333,0.03333333333333333,2.2206845954075667e-05,0.0692571791864132,0.0027916057395724,-1.9645651979827377,0.98,0.144413686714135,,,0.03333333333333333
