signal,design_type,rho_within,method,n_reps_total,n_reps_ok,n_reps_converged,mse_null,mse_signal,mse_overall,lpd_test,coverage_95,avg_ci_length,kappa_null_mean,kappa_signal_mean,n_reps
concentrated,orthonormal,0.0,GIGG_MMLE,5,5,5,7.129150018912623e-13,0.01697705068318942,0.006790820273703516,-1.4711811696581139,0.272,0.05735071366470492,,,5
distributed,orthonormal,0.0,GIGG_MMLE,5,4,4,8.73465297405843e-06,0.012220880700895508,0.0009857063368077742,-1.5122498260826152,0.22,0.025340593799383908,,,4
