{
  "setting_name": "exp2_default_main",
  "method": "GR_RHS",
  "status": "ok",
  "converged": true,
  "fit_attempts": 2,
  "runtime_seconds": 138.01980840000033,
  "rhat_max": 1.0026441812515259,
  "bulk_ess_min": 1001.5169036843248,
  "divergence_ratio": 0.00125,
  "error": "",
  "chains": null,
  "draws_per_chain": null,
  "max_rhat_pq": 1.0026441812515259,
  "min_ess_pq": 1001.5169036843248,
  "total_divergences": 5,
  "bridge_ratio_mean": 0.11745319151096675,
  "bridge_ratio_max": 0.1657936250011248,
  "bridge_ratio_violations": 0,
  "setting": {
    "setting_name": "exp2_default_main",
    "rho_ref": 0.8,
    "rho_within": 0.8,
    "rho_between": 0.2,
    "sigma2": 1.0,
    "n_train": 100,
    "n_test": 30,
    "group_sizes": [
      10,
      10,
      10,
      10,
      10
    ],
    "xi_ratios": [
      0.0,
      1.0,
      2.0,
      5.0,
      10.0
    ]
  },
  "mu": [
    0.0,
    1.9512195121951224,
    3.9024390243902447,
    9.756097560975611,
    19.512195121951223
  ],
  "convergence_retry": {
    "method": "GR_RHS",
    "attempts_used": 2,
    "max_attempts": 3,
    "until_converged_mode": false,
    "enforce_bayes_convergence": true,
    "status": "ok",
    "converged": true
  },
  "posterior_quality": {
    "max_rhat": 1.0026441812515259,
    "min_ess": 1001.5169036843248,
    "ess_per_sec": 7.26007897584578
  },
  "hmc": {
    "divergences": 5,
    "treedepth_hits": 0,
    "max_num_steps": 4095,
    "ebfmi_per_chain": [
      0.5851978228391587,
      0.7285193901391357,
      0.6210246106980173,
      0.7304139616700283
    ],
    "ebfmi_min": 0.5851978228391587
  },
  "convergence_detail": {
    "beta": {
      "rhat_max": 1.002294885219407,
      "rhat_median": 0.9997509277079775,
      "ess_min": 2173.061710694832,
      "ess_median": 4000.0,
      "mcse_over_sd_max": 0.02145181140581329,
      "mcse_over_sd_median": 0.015811388300841896,
      "raw_num_chains": 4,
      "raw_num_draws": 1000,
      "diagnostic_valid": true
    },
    "tau": {
      "rhat_max": 0.9997671004884604,
      "rhat_median": 0.9997671004884604,
      "ess_min": 2419.8053151464787,
      "ess_median": 2419.8053151464787,
      "mcse_over_sd_max": 0.020328708425870555,
      "mcse_over_sd_median": 0.020328708425870555,
      "raw_num_chains": 4,
      "raw_num_draws": 1000,
      "diagnostic_valid": true
    },
    "kappa": {
      "rhat_max": 1.0026441983552399,
      "rhat_median": 1.0025531852773577,
      "ess_min": 1052.1794497738674,
      "ess_median": 1452.4697546391094,
      "mcse_over_sd_max": 0.030828691537586734,
      "mcse_over_sd_median": 0.026238949952247872,
      "raw_num_chains": 4,
      "raw_num_draws": 1000,
      "diagnostic_valid": true
    },
    "a": {
      "rhat_max": 1.0005372458093733,
      "rhat_median": 0.999766235612988,
      "ess_min": 4000.0,
      "ess_median": 4000.0,
      "mcse_over_sd_max": 0.015811388300841896,
      "mcse_over_sd_median": 0.015811388300841896,
      "raw_num_chains": 4,
      "raw_num_draws": 1000,
      "diagnostic_valid": true
    }
  },
  "bridge_ratio_diagnostics": {
    "bridge_ratio_mean": 0.11745319151096675,
    "bridge_ratio_min": 0.0890599077234312,
    "bridge_ratio_max": 0.1657936250011248,
    "bridge_ratio_p95": 0.15667913403809341,
    "bridge_ratio_violations": 0,
    "bridge_ratio_null_mean": 0.1657936250011248,
    "bridge_ratio_signal_mean": 0.10536808313842724,
    "bridge_ratio_by_group": "0.165794|0.105201|0.120221|0.0890599|0.10699"
  }
}