{
  "setting": {
    "setting_name": "exp2_default_main",
    "rho_ref": 0.8,
    "rho_within": 0.8,
    "rho_between": 0.2,
    "sigma2": 1.0,
    "n_train": 100,
    "n_test": 30,
    "group_sizes": [
      10,
      10,
      10,
      10,
      10
    ],
    "xi_ratios": [
      0.0,
      1.0,
      2.0,
      5.0,
      10.0
    ]
  },
  "mu": [
    0.0,
    1.9512195121951224,
    3.9024390243902447,
    9.756097560975611,
    19.512195121951223
  ],
  "methods": [
    "GR_RHS",
    "RHS",
    "GIGG_MMLE",
    "GIGG_b_small",
    "GIGG_GHS",
    "GIGG_b_large",
    "GHS_plus"
  ]
}