{
  "setting_name": "exp2_default_main",
  "method": "RHS",
  "status": "ok",
  "converged": true,
  "fit_attempts": 2,
  "runtime_seconds": 715.1793160000088,
  "rhat_max": 1.0078928489759704,
  "bulk_ess_min": 471.8889945630792,
  "divergence_ratio": 0.0,
  "error": "",
  "chains": null,
  "draws_per_chain": null,
  "max_rhat_pq": null,
  "min_ess_pq": null,
  "total_divergences": 0,
  "bridge_ratio_mean": NaN,
  "bridge_ratio_max": NaN,
  "bridge_ratio_violations": NaN,
  "setting": {
    "setting_name": "exp2_default_main",
    "rho_ref": 0.8,
    "rho_within": 0.8,
    "rho_between": 0.2,
    "sigma2": 1.0,
    "n_train": 100,
    "n_test": 30,
    "group_sizes": [
      10,
      10,
      10,
      10,
      10
    ],
    "xi_ratios": [
      0.0,
      1.0,
      2.0,
      5.0,
      10.0
    ]
  },
  "mu": [
    0.0,
    1.9512195121951224,
    3.9024390243902447,
    9.756097560975611,
    19.512195121951223
  ],
  "convergence_retry": {
    "method": "RHS",
    "attempts_used": 2,
    "max_attempts": 3,
    "until_converged_mode": false,
    "enforce_bayes_convergence": true,
    "status": "ok",
    "converged": true
  },
  "posterior_quality": {},
  "hmc": {
    "divergences": 0,
    "treedepth_hits": 0,
    "max_num_steps": 4095,
    "ebfmi_per_chain": [
      0.7234989493050923,
      0.8366145162127812,
      0.7256578654172628,
      0.7107235205522698
    ],
    "ebfmi_min": 0.7107235205522698
  },
  "convergence_detail": {
    "beta": {
      "rhat_max": 1.0009371216867047,
      "rhat_median": 0.9997801026113893,
      "ess_min": 3170.499217456849,
      "ess_median": 4000.0,
      "mcse_over_sd_max": 0.01775972247123299,
      "mcse_over_sd_median": 0.015811388300841896,
      "raw_num_chains": 4,
      "raw_num_draws": 1000,
      "diagnostic_valid": true
    },
    "tau": {
      "rhat_max": 1.0006442828851982,
      "rhat_median": 1.0006442828851982,
      "ess_min": 1399.1770839007547,
      "ess_median": 1399.1770839007547,
      "mcse_over_sd_max": 0.02673398242636564,
      "mcse_over_sd_median": 0.02673398242636564,
      "raw_num_chains": 4,
      "raw_num_draws": 1000,
      "diagnostic_valid": true
    },
    "lambda": {
      "rhat_max": 1.0078928489759704,
      "rhat_median": 1.0056122499170632,
      "ess_min": 471.8889945630792,
      "ess_median": 549.9001246620198,
      "mcse_over_sd_max": 0.046034144391518816,
      "mcse_over_sd_median": 0.042644039058831296,
      "raw_num_chains": 4,
      "raw_num_draws": 1000,
      "diagnostic_valid": true
    }
  },
  "bridge_ratio_diagnostics": {
    "bridge_ratio_mean": NaN,
    "bridge_ratio_min": NaN,
    "bridge_ratio_max": NaN,
    "bridge_ratio_p95": NaN,
    "bridge_ratio_violations": NaN,
    "bridge_ratio_null_mean": NaN,
    "bridge_ratio_signal_mean": NaN,
    "bridge_ratio_by_group": ""
  }
}