p_g,median_ratio_R,iqr_ratio_R_low,iqr_ratio_R_high,mean_window_prob
20,0.7079649273023725,0.6582387484137413,0.7667803191040065,0.8911838155874966
