signal,design_type,rho_within,method,n_reps_total,n_reps_ok,n_reps_converged,mse_null,mse_signal,mse_overall,lpd_test,coverage_95,avg_ci_length,kappa_null_mean,kappa_signal_mean,n_reps
concentrated,orthonormal,0.0,GR_RHS,20,17,17,0.002576575969938339,0.010728699892990896,0.0058374255391593615,-1.5287909681205658,0.9835294117647058,0.33206116631809235,0.15024948612067848,0.3495244224090129,17
concentrated,orthonormal,0.0,RHS,20,17,17,0.0043795615613616105,0.01576604120845899,0.008934153420200562,-1.6919103665793893,0.9623529411764705,0.3756820804767827,,,17
distributed,orthonormal,0.0,GR_RHS,20,20,20,0.0008226644145768044,0.013673145085315832,0.0018507028682359264,-1.479548573719732,0.992,0.22750578343296649,0.30063530817353923,0.5524264187651686,20
distributed,orthonormal,0.0,RHS,20,19,19,0.0006808211745813137,0.011823123251993995,0.001572205340774328,-1.479706096698525,0.9978947368421053,0.21175247579979656,,,19
