method,n_rows,n_converged,converged_rate,rho_within,rho_between,target_snr,n_reps_total,n_reps_ok,n_reps_converged,mse_null,mse_signal,mse_overall,lpd_test,coverage_95,avg_ci_length,kappa_null_mean,kappa_signal_mean,n_reps
GIGG_MMLE,30,20,0.6666666666666666,0.45,0.14,1.2,1.0,0.6666666666666666,0.6666666666666666,0.01163677413392473,0.16074325772839018,0.023958485467975257,-2.058266849207962,0.272,0.06708480123445469,,,0.6666666666666666
