p_g,median_ratio_R,iqr_ratio_R_low,iqr_ratio_R_high,mean_window_prob
20,0.7723657651857547,0.6795917645723261,0.8396026612003052,0.9762022931724268
50,0.9012209633317921,0.8157256706653073,0.9824559288926323,0.9978223759031142
100,1.005312985270117,0.9192565404447351,1.0784760415061956,0.9998026417585648
200,1.1001301834284853,1.0335599168247147,1.1749461345296686,0.9999886975181116
500,1.2150296306077384,1.1457332832845808,1.2751460222391142,0.9999999999188838
