p_g,median_post_mean_kappa,iqr_post_mean_kappa_low,iqr_post_mean_kappa_high,mean_tail_prob
10,0.4858779287602779,0.46912412557839733,0.506461433233653,0.35565431423679533
20,0.47287824745286533,0.4468892041147579,0.5008250833961074,0.5153648788757103
50,0.4383094510564908,0.39688812608261365,0.4894133936424391,0.6322558587742313
100,0.38162119799572586,0.3129725167208484,0.4531808751792546,0.6350627644712151
200,0.29222696990854724,0.19745928528914644,0.38831181347178656,0.5992951145466251
500,0.12836115208839866,0.07754041726399659,0.20999460085127056,0.4891007979926308
