{
  "per_signal": {
    "concentrated": {
      "mse_rank": [
        [
          "GIGG_MMLE",
          0.005239813942268829
        ],
        [
          "GR_RHS",
          0.005765466203949273
        ],
        [
          "GHS_plus",
          0.005884348980642603
        ],
        [
          "LASSO_CV",
          0.008342136172331531
        ],
        [
          "RHS",
          0.008686611358990052
        ],
        [
          "OLS",
          0.01270688483671031
        ]
      ],
      "lpd_mean": {
        "GHS_plus": -1.620983787335927,
        "GIGG_MMLE": -1.601277063137087,
        "GR_RHS": -1.6236108772419342,
        "LASSO_CV": -1.6654240592868899,
        "OLS": -1.7772637867313836,
        "RHS": -1.6788895986810892
      },
      "methods_present": [
        "GHS_plus",
        "GIGG_MMLE",
        "GR_RHS",
        "LASSO_CV",
        "OLS",
        "RHS"
      ]
    },
    "distributed": {
      "mse_rank": [
        [
          "GIGG_MMLE",
          0.0013898351655738032
        ],
        [
          "RHS",
          0.001638054539284674
        ],
        [
          "GHS_plus",
          0.0017805798510680203
        ],
        [
          "GR_RHS",
          0.0018826870607984605
        ],
        [
          "LASSO_CV",
          0.003896003715541111
        ],
        [
          "OLS",
          0.013180705009423168
        ]
      ],
      "lpd_mean": {
        "GHS_plus": -1.4767782480057463,
        "GIGG_MMLE": -1.4747626236060805,
        "GR_RHS": -1.4786290602590935,
        "LASSO_CV": -1.5054830266910513,
        "OLS": -1.7110330423588898,
        "RHS": -1.4726053828789298
      },
      "methods_present": [
        "GHS_plus",
        "GIGG_MMLE",
        "GR_RHS",
        "LASSO_CV",
        "OLS",
        "RHS"
      ]
    }
  },
  "all_methods_in_summary": [
    "GHS_plus",
    "GIGG_MMLE",
    "GR_RHS",
    "LASSO_CV",
    "OLS",
    "RHS"
  ]
}