{
  "u0": 0.5,
  "sigma2": 1.0,
  "tau": 1.0,
  "rho": 1.0,
  "theta_u0_rho": 0.5,
  "xi_crit": 0.25,
  "x_axis": "xi_over_xi_crit",
  "alpha_kappa": 0.5,
  "beta_kappa": 1.0,
  "p_g_list": [
    60,
    120,
    240,
    480,
    960,
    1920
  ],
  "tau_list": [
    0.3,
    0.5,
    1.0,
    2.0
  ],
  "xi_by_tau": {
    "0.3": [
      0.008256880733944953,
      0.016513761467889906,
      0.02477064220183486,
      0.03302752293577981,
      0.03715596330275229,
      0.03922018348623853,
      0.041284403669724766,
      0.043348623853211005,
      0.04541284403669724,
      0.04954128440366972,
      0.061926605504587146,
      0.08256880733944953,
      0.12385321100917429,
      0.16513761467889906
    ],
    "0.5": [
      0.020000000000000004,
      0.04000000000000001,
      0.06,
      0.08000000000000002,
      0.09000000000000001,
      0.095,
      0.1,
      0.10500000000000001,
      0.11000000000000001,
      0.12,
      0.15000000000000002,
      0.2,
      0.30000000000000004,
      0.4
    ],
    "1": [
      0.05,
      0.1,
      0.15,
      0.2,
      0.225,
      0.2375,
      0.25,
      0.2625,
      0.275,
      0.3,
      0.375,
      0.5,
      0.75,
      1.0
    ],
    "2": [
      0.08000000000000002,
      0.16000000000000003,
      0.24,
      0.32000000000000006,
      0.36000000000000004,
      0.38,
      0.4,
      0.42000000000000004,
      0.44000000000000006,
      0.48,
      0.6000000000000001,
      0.8,
      1.2000000000000002,
      1.6
    ]
  },
  "grid_size": 801
}