setting_id,gigg_mode,group_config,signal,setting_block,env_id,design_type,rho_within,rho_between,target_snr,sigma2,boundary_u0,boundary_xi_ratio,boundary_rho_profile,boundary_xi_crit,boundary_xi,replicate_id,method,status,converged,fit_attempts,kappa_null_mean,kappa_signal_mean,runtime_seconds,rhat_max,bulk_ess_min,divergence_ratio,error,mse_null,mse_signal,mse_overall,avg_ci_length,coverage_95,lpd_test
1,stable,CL,concentrated,anchor,E0,correlated,0.3,0.1,1.0,16.86410161513776,,,,,,1,GIGG_MMLE,ok,False,1,,,4.11802200000966,1.11016274755468,54.7260523168491,,,0.13065461826708072,0.3434166287175382,0.30086422662744666,0.365575769915921,0.32,-4.0550813598151585
2,stable,CL,concentrated,rw_axis,RW_PLUS,correlated,0.8,0.1,1.0,35.864101615137756,,,,,,1,GIGG_MMLE,ok,False,1,,,4.071364100003848,1.0603128161132227,146.65234228362712,,,2.5316929141535964,3.079090362964913,2.96961087320265,1.8698034894121869,0.52,-3.8304861417042897
3,stable,CL,concentrated,rb_axis,RB_PLUS,correlated,0.3,0.3,1.0,23.792304845413256,,,,,,1,GIGG_MMLE,ok,False,1,,,4.044666400004644,1.1828347320336938,79.279161013753,,,0.9693833249467309,0.5401520041695049,0.6259982683249501,0.5026137933767248,0.18,-3.4126561018033437
4,stable,CL,concentrated,snr_axis,SNR_PLUS,correlated,0.3,0.1,2.0,8.43205080756888,,,,,,1,GIGG_MMLE,ok,False,1,,,4.094944600001327,1.0444614262187606,101.39434086489338,,,0.03332838778532139,0.2079384575541388,0.17301644360037532,0.2714490320842785,0.24,-2.65644340260281
