{
  "per_signal": {
    "concentrated": {
      "mse_rank": [
        [
          "GIGG_MMLE",
          0.006800382666033935
        ],
        [
          "GR_RHS",
          0.00777310973143158
        ],
        [
          "GHS_plus",
          0.00786470124928834
        ],
        [
          "LASSO_CV",
          0.010018187876093796
        ],
        [
          "RHS",
          0.011269258956930782
        ],
        [
          "OLS",
          0.01368580883295376
        ]
      ],
      "lpd_mean": {
        "GHS_plus": -1.525148121320332,
        "GIGG_MMLE": -1.471548648379124,
        "GR_RHS": -1.5385873300630724,
        "LASSO_CV": -1.565693522956825,
        "OLS": -1.6775618248120903,
        "RHS": -1.5900368658121038
      },
      "methods_present": [
        "GHS_plus",
        "GIGG_MMLE",
        "GR_RHS",
        "LASSO_CV",
        "OLS",
        "RHS"
      ]
    },
    "distributed": {
      "mse_rank": [
        [
          "GIGG_MMLE",
          0.0008890014832290401
        ],
        [
          "GHS_plus",
          0.0011134533452484263
        ],
        [
          "RHS",
          0.0011136545882935946
        ],
        [
          "GR_RHS",
          0.0011825276429168604
        ],
        [
          "LASSO_CV",
          0.0027448562053220323
        ],
        [
          "OLS",
          0.011040157747064197
        ]
      ],
      "lpd_mean": {
        "GHS_plus": -1.4970833867143762,
        "GIGG_MMLE": -1.5684759062305067,
        "GR_RHS": -1.4964955784326768,
        "LASSO_CV": -1.4920038077980948,
        "OLS": -1.6583484117249019,
        "RHS": -1.4934242318300555
      },
      "methods_present": [
        "GHS_plus",
        "GIGG_MMLE",
        "GR_RHS",
        "LASSO_CV",
        "OLS",
        "RHS"
      ]
    }
  },
  "all_methods_in_summary": [
    "GHS_plus",
    "GIGG_MMLE",
    "GR_RHS",
    "LASSO_CV",
    "OLS",
    "RHS"
  ]
}