signal,design_type,rho_within,method,n_reps_total,n_reps_ok,n_reps_converged,mse_null,mse_signal,mse_overall,lpd_test,coverage_95,avg_ci_length,kappa_null_mean,kappa_signal_mean,n_reps
concentrated,orthonormal,0.0,GR_RHS,5,5,5,0.0030652358944147796,0.014708045426749913,0.007722359707348832,-1.5355080978079094,0.968,0.33392799959136166,0.1511282131202561,0.34488214366417375,5
concentrated,orthonormal,0.0,RHS,5,5,5,0.004860136472239379,0.021633743706551762,0.011569579365964333,-1.59758720310914,0.944,0.3925556969246848,,,5
distributed,orthonormal,0.0,GR_RHS,5,5,5,0.0003785821976207417,0.010053258026152322,0.001152556263903268,-1.49692400843078,1.0,0.2141272719476371,0.3036006283164988,0.5608091837638989,5
distributed,orthonormal,0.0,RHS,5,5,5,0.00038559250524728176,0.009100508313171145,0.0010827857698811909,-1.4936935254674235,1.0,0.19558388786911957,,,5
