method,n_rows,n_converged,converged_rate,rho_within,rho_between,target_snr,n_reps_total,n_reps_ok,n_reps_converged,mse_null,mse_signal,mse_overall,lpd_test,coverage_95,avg_ci_length,kappa_null_mean,kappa_signal_mean,n_reps
GR_RHS,30,28,0.9333333333333333,0.45,0.14,1.2,1.0,0.9333333333333333,0.9333333333333333,0.01673045311735435,0.08939011992534492,0.024441764769448544,-2.1596759697106127,0.9885714285714285,0.6284079658701582,0.26052801816940147,0.41195057654684036,0.9333333333333333
