{
  "u0": 0.5,
  "sigma2": 1.0,
  "tau": 0.3,
  "rho": 0.3,
  "theta_u0_rho": 0.08256880733944953,
  "xi_crit": 0.041284403669724766,
  "p_g_list": [
    30,
    60,
    120
  ],
  "xi_list": [
    0.005,
    0.01,
    0.03,
    0.05,
    0.1,
    0.2,
    0.5
  ],
  "grid_size": 801
}